Compound_name,y_test,y_pred
equiline,31.66666667,24.52631
hexanophenone,14.34375,5.641048
estriol,12.51020408,8.257777
exemestane,11.53723404,4.2353406
(+)-catechin,9.680412371,4.250251
benzoin methyl ether,5.96875,4.2353406
alachlor,5.135416667,8.067161
methylparaben,3.363636364,4.250251
propiophenone,2.9375,4.327129
sulfathiazole,2.728571429,9.32523
trans-2-hexenyl acetate,2.25,4.2353406
gibberellic acid,1.65625,4.2353406
sulfadiazine,1.530769231,4.250251
thymine,0.142857143,4.2353406
