Importance,Molecular Descriptor
0.082082786,CATS2D_06_AP
0.07293138,SpMax_L
0.07139176,Mor09s
0.069519915,SpMax_B(p)
0.05874476,SpMax_B(m)
0.056200255,SpDiam_B(m)
0.055660434,CATS2D_02_PL
0.05477613,SpDiam_AEA(dm)
0.053867135,Mor06m
0.05192382,S-110
0.05103898,SpMax1_Bh(p)
0.049191844,F05_N-S_
0.047332734,nArNH2
0.043286532,VE3sign_D
0.041200146,MATS1m
0.039279994,CATS2D_08_AP
0.034025878,Eta_sh_x
0.031430755,CATS2D_03_PL
0.01819788,VE3sign_Dz(i)
0.017916946,VE1sign_D
