Importance,Molecular Descriptor
0.6230343572251508,Mor06m
0.2766523346495481,VE2sign_Coulomb
0.047453295929581335,SM14_AEA(bo)
0.023196915232505853,GATS3v
0.010319934627594963,Mor23s
0.008966339110046354,MATS5e
0.00504958565988003,SpPosA_X
0.0028530029434099117,P_VSA_ppp_cyc
0.0016100554650737059,Eig02_EA(dm)
0.0008641791572089223,Mor19m
