Importance,Molecular Descriptor
0.6377883322225412,SpMax1_Bh(p)
0.2113604719080242,VE1sign_B(v)
0.04851690893412265,ChiA_D/Dt
0.033139249982696364,E1e
0.033126531620678815,VE1sign_Coulomb
0.021345154299920586,CATS2D_02_NL
0.00687059165093541,Eta_sh_y
0.0032852765765528165,J_Dt
0.0025834910615326325,VE1sign_B(m)
0.0008297053782605481,PDI
0.0005771431823673898,ARR
0.0005771431823673893,MCD
