Importance,Molecular Descriptor
0.6041923945721113,SpMax_L
0.23032196707265967,Eig03_AEA(dm)
0.06999274966920412,R6u
0.03906250760330464,SM14_AEA(bo)
0.02892086763513284,VE1sign_Coulomb
0.01226577643306411,CATS3D_04_NL
0.006460510611949327,MATS8e
0.005620139971867999,Eig02_EA(dm)
0.002354837239235911,SAscore
0.0008082491914700421,Mor19u
