Importance,Molecular Descriptor
0.5772639910465149,SpMax1_Bh(p)
0.29783089205111035,VE1sign_Coulomb
0.04198013763436423,ChiA_D/Dt
0.03750517698275248,VE1sign_B(m)
0.01816380514479769,MATS5e
0.01606123840822019,CATS2D_02_NL
0.005600042058887331,Eta_B_A
0.0028864410309054423,Mor27u
0.0018737234811660446,TDB09s
0.0008345521612813001,TDB08m
