Importance,Molecular Descriptor
0.5449565233470602,SpMax1_Bh(p)
0.09012034613849211,VE1sign_Coulomb
0.08888545112448736,E2u
0.0815460344477467,VE3sign_Coulomb
0.0803512207562046,VE2sign_Coulomb
0.03589278592826478,ChiA_D/Dt
0.032316576566211175,Mor31s
0.023157361281867343,Mor08m
0.013497967474208188,CATS2D_02_NL
0.004419091315201185,RDF040m
0.0030700543533623277,VE1sign_B(m)
0.001786587266893906,HOMA
