Importance,Molecular Descriptor
0.5415036232446948,SpMax1_Bh(p)
0.09449477285247188,VE3sign_Coulomb
0.08228116275589384,VE1sign_Coulomb
0.08035269800380251,VE2sign_Coulomb
0.07253334480383734,E2u
0.046648256573405815,ChiA_D/Dt
0.03339135358448352,WHALES00_Isol
0.020220284216961485,VE3sign_G
0.015193006330137017,CATS2D_02_NL
0.006118945570616306,GATS5e
0.004353355396212971,ATSC5s
0.0023147630961617162,VE1sign_B(m)
0.0005944335713208743,RDF060m
