Importance,Molecular Descriptor
0.6573823582955415,Mor06m
0.26682225355165307,VE2sign_Coulomb
0.03007888674283177,SM13_AEA(bo)
0.01633755211524435,CATS2D_03_NL
0.014613147063755058,TDB06u
0.00555651250613389,E1p
0.003917740013889547,C%
0.003598643755081855,IVDE
0.0010148444492828973,GATS4i
0.0006780615065861135,VE3sign_B(s)
