Importance,Molecular Descriptor
0.5694041000011115,SpMax1_Bh(p)
0.31040081799889974,Mor22s
0.039576946543014094,ChiA_D/Dt
0.03674714758814387,WHALES00_Isol
0.016199955423999674,R3u+
0.013317953016826986,CATS2D_02_NL
0.007031655119695754,RDF040m
0.00391393806357585,VE1sign_B(m)
0.0020892251442672376,P_VSA_m_2
0.001318261100465305,R4s+
