Importance,Molecular Descriptor
0.5806187346145806,Mor06m
0.30942059006689193,VE2sign_Coulomb
0.04167045076448987,IC2
0.01794867411624599,R2s+
0.012521973950548304,RBF
0.010830474603104592,VE2sign_X
0.007280991329818204,VE1sign_X
0.0060110561713972764,E1u
0.00360930237367811,L2u
0.0031247587790469646,VE2sign_A
0.003033746387424238,VE1sign_A
0.0022924338120595905,VE1sign_B(m)
0.0016368130307142944,H6v
