Importance,Molecular Descriptor
0.07908623,SpDiam_AEA(dm)
0.064852454,SpMax_L
0.06334023,Mor06m
0.06300465,nArNH2
0.062377904,SpPosA_G/D
0.05903561,mindO
0.05900721,SpMax1_Bh(p)
0.055344075,SpMin1_Bh(v)
0.05387023,Mor09s
0.051822715,CATS2D_08_AP
0.05156181,R2v
0.050469995,P_VSA_ppp_ar
0.045526665,Eta_sh_x
0.04542016,VE3sign_D
0.043151826,F05_N-S_
0.036614086,VE3sign_Dz(i)
0.032136735,B07_C-S_
0.03149906,F06_C-S_
0.030866666,CATS2D_03_PL
0.021011729,VE1sign_D
