Importance,Molecular Descriptor
0.08204807,B05_N-S_
0.07124951,S-110
0.066859625,CATS2D_06_AP
0.06331707,SpDiam_EA(bo)
0.06292373,Mor06m
0.06266598,B01_N-S_
0.060731675,SpMax1_Bh(p)
0.060555264,SpMax_B(m)
0.057898354,SpMax_B(p)
0.05693077,SpMax_AEA(dm)
0.055981014,SpDiam_B(m)
0.055801068,CATS3D_06_AP
0.053658973,SpDiam_AEA(dm)
0.05298166,F05_N-S_
0.04222284,VE3sign_Dz(i)
0.037730232,ChiA_B(m)
0.032814544,SpMax_L
0.023629641,SpMax2_Bh(m)
