Importance,Molecular Descriptor
0.06350336,Mor21v
0.062474485,ESOL
0.060068432,Chi_Dz(Z)
0.05707301,SpMin2_Bh(s)
0.056171875,ALOGP2
0.05578603,CATS2D_00_LL
0.054800194,ALOGP
0.052467518,CATS2D_08_AL
0.052002784,P_VSA_i_3
0.051998284,Mor20u
0.048204906,CATS3D_06_AL
0.04664965,QED
0.041280158,CATS3D_07_AL
0.039090447,QEDu
0.03685932,minsOH
0.036756136,CATS2D_04_NL
0.034836527,CATS3D_08_DL
0.03267639,SHED_DL
0.031164253,qnmax
0.030088698,O-057
0.02897054,SHED_NL
0.027076913,SPP
