Importance,Molecular Descriptor
0.6026808591926759,SpMax1_Bh(p)
0.2759363812722316,R5s+
0.03464282716569485,CIC3
0.027440975288774462,R2s+
0.019694496635165686,RBF
0.019017044662457287,RBN
0.012257492932090865,WHALES70_IR
0.005104690070659918,Eig12_AEA(bo)
0.002519233718966823,RDF040s
0.0007059990612826119,Mor21s
