Importance,Molecular Descriptor
0.5300045732309806,VE3sign_D
0.18309445731251742,VE2sign_A
0.09758352331026549,R7m+
0.0759379515630983,Eta_sh_p
0.05532258844737245,minaaCH
0.04541912433713101,GATS1i
0.007500832154422409,VE1sign_B(m)
0.00513694964421237,SM07_AEA(dm)
