Importance,Molecular Descriptor
0.5901829141333774,SpMax1_Bh(p)
0.25235021387481965,MATS3p
0.06856215021170596,S3K
0.04173389675925417,L2m
0.015279611389433907,SHED_NL
0.01521517848256274,TDB05u
0.011062558616176275,R1s
0.004649911827737877,Mor19m
0.0009635647049320729,MDEC-13
