Importance,Molecular Descriptor
0.694302003953665,SpMax1_Bh(p)
0.1844746899771519,SpMin1_Bh(v)
0.05618191725334867,RDF030u
0.03083918317018323,RDF020s
0.012890477454433903,MATS2m
0.009149040515190172,QED
0.008683188408470556,VE1sign_B(m)
0.0021542572352572674,ISH
0.001325242032299241,Mor23s
