Importance,Molecular Descriptor
0.460879177433662,Mor06m
0.41031501834427475,VE2sign_Coulomb
0.05148235233218688,IC2
0.03264250671368932,VE3sign_B(s)
0.019877251110381376,RDF020s
0.012856956644618766,VE3sign_D
0.005758158170484579,SM06_AEA(dm)
0.0031508417130518824,VE1sign_B(v)
0.0030377375376504823,P_VSA_charge_6
