Importance,Molecular Descriptor
0.6016557957954247,SpMax1_Bh(p)
0.27485710926230833,VE1sign_B(v)
0.04400990696719041,ChiA_D/Dt
0.02853780138643486,ISH
0.022000130461599363,SHP2
0.017034816600395408,CATS2D_02_NL
0.006058139376051529,Eig02_AEA(dm)
0.0032108603406858136,VE1sign_B(m)
0.0017178826637664639,RDF070u
0.0003039408046599188,DELS
0.00025118126875668824,B04_O-O_
0.0002293892865357883,F04_O-O_
6.881678596073687e-05,ATSC6e
6.422900023002115e-05,HyWi_B(s)
