Importance,Molecular Descriptor
0.575306919246925,SpMax1_Bh(p)
0.2905170946735656,R5s+
0.05147520117357405,ChiA_D/Dt
0.03105332269872268,ISH
0.02351616252099124,E1e
0.016698859917457672,CATS2D_02_NL
0.006041488394069793,RDF040m
0.003398030447469974,VE1sign_B(m)
0.0014506073248900942,P_VSA_m_2
0.0005423136023337531,Mor23s
