Importance,Molecular Descriptor
0.5636144953080936,SpMax1_Bh(p)
0.25820307319516694,SpMax1_Bh(v)
0.08389783903002948,SpMax2_Bh(v)
0.042680301490705355,Chi0_EA(dm)
0.01883212019918051,P_VSA_LogP_4
0.012146890812691576,SpMAD_EA(ri)
0.007250918451614256,CATS2D_02_NL
0.00562301106683939,VE1sign_B(m)
0.004401412619450205,Mor24s
0.002951686495727984,JGI3
0.000398251330500588,Mor23s
