Importance,Molecular Descriptor
0.5804837942710258,SpMax1_Bh(p)
0.21595048063896263,SpMax1_Bh(v)
0.04937276706933509,PW5
0.04696433940741625,WHALES20_Rem
0.03278596267734965,ChiA_D/Dt
0.028651926521721056,ISH
0.021506146621151537,SHP2
0.015566078481766707,CATS2D_01_NL
0.004064181038560367,RDF040m
0.0024752255458098085,VE1sign_B(m)
0.0016007955910166836,P_VSA_ppp_L
0.0005783021358843091,RTs+
