Importance,Molecular Descriptor
0.5762940576248647,SpMax1_Bh(p)
0.2902583565031123,VE1sign_Coulomb
0.041681617755002426,ChiA_D/Dt
0.03504589895118617,ISH
0.030583331660646657,Eta_sh_p
0.0162409643017053,CATS2D_02_NL
0.005781328773575694,IC1
0.002808007880636284,VE1sign_B(m)
0.0013064365492704388,Mor24u
