Importance,Molecular Descriptor
0.6117065611742939,Mor06m
0.2946387629962248,VE2sign_Coulomb
0.02674485761198433,S3K
0.021920038037801765,VE1sign_Coulomb
0.015015675240746805,WHALES10_Isol
0.01019356982681604,CATS3D_04_NL
0.005771498314978852,E1p
0.004617652091218604,VE2_RG
0.0033665686967464937,Mor28m
0.00230582082076068,SpMAD_B(v)
0.0011825101557248186,CATS3D_03_AL
0.0010163096508565984,MCD
0.0009288851647614054,ARR
0.00047108154870388716,H4s
0.00012020866838088829,C%
