Importance,Molecular Descriptor
0.6718870131940012,CATS2D_03_PL
0.2035811843363239,Mor24s
0.03951264927129802,Dm
0.022146045271225618,F01_C-N_
0.016195767965204062,Mor17m
0.015802291576382712,TDB01p
0.012597921994561202,RTs+
0.005985356795103467,Mor10s
0.0057711364277466225,IDDE
0.0021226397701081235,VE1sign_X
0.001919652161769447,GATS6p
0.001610742618496207,MATS6p
0.0008675986177794021,HATS3s
