Importance,Molecular Descriptor
0.5578022535815385,SpMax1_Bh(p)
0.08646654565871843,E2u
0.07956077554915544,VE1sign_Coulomb
0.07867348065455523,VE3sign_Coulomb
0.07837771568968846,VE2sign_Coulomb
0.04168497904571651,TI2_L
0.03720441190283706,Eta_sh_p
0.016098148538720273,P_VSA_s_4
0.009074948614086807,CATS2D_02_NL
0.004346879642505316,E1u
0.0041967501075797385,MATS2v
0.003778071949578907,MATS2p
0.0015891963314293087,R3s+
0.0011458427338899247,Mor24s
