Importance,Molecular Descriptor
0.5989444173321656,SpMax1_Bh(p)
0.24211337863079188,R5s+
0.05042324310488037,S3K
0.025419797731763328,GATS1i
0.02169264630690417,CATS3D_04_NL
0.014497622750828743,HATS0m
0.013374567467313829,RTs+
0.012966183727853853,HATS1s
0.006588208154123942,RDF025s
0.006495049802292984,R3u
0.004078761616312893,ATS3s
0.0017137302548595385,MATS7m
0.0009942809579463515,T(O..O)
0.0006981121619623332,G(O..O)
