Importance,Molecular Descriptor
0.41079524367452497,ALOGP
0.29075292339467357,P_VSA_LogP_4
0.146215256223134,ALOGP2
0.08110806521945435,VE3sign_B(s)
0.036354536071765434,P_VSA_ppp_ar
0.014243377694001035,Mor23s
0.007449061250442317,Mor04m
0.00634372461644079,GATS5v
0.003272394848343411,SIC1
0.0026331045096658545,Mor16s
0.0008323124975541119,H0s
