Importance,Molecular Descriptor
0.3219484004115116,TDB08s
0.22189971150321142,ALOGP
0.21534109934055504,ALOGP2
0.09785290998563825,VE3sign_B(s)
0.08277526410420559,Mor11v
0.019068315296077925,SpMAD_EA(dm)
0.017921141215811745,Mor30m
0.00898355759411622,WHALES00_Rem
0.008125079423866399,Mor04m
0.003984933171973469,SM04_AEA(dm)
0.0010893242735519168,Eta_D_AlphaB
0.0006431994219580892,Eta_alpha_A
0.00036706425752241746,E1e
