Importance,Molecular Descriptor
0.323656534343135,R8s+
0.2248913194445212,ALOGP2
0.22265359487293387,ALOGP
0.11187726203590112,Mor14m
0.03393080160866177,Mor27s
0.03303633130528175,TDB07s
0.030687522811308952,Mor30m
0.008529204219043709,QEDu
0.006090039316285752,R3p+
0.0024433646180254897,WHALES10_Rem
0.0022040254249013702,R4m+
