Importance,Molecular Descriptor
0.30618558415343067,TDB08s
0.24447200526176788,ALOGP
0.23023091757661632,ALOGP2
0.08833396900965255,VE3sign_B(s)
0.07384555200614733,Mor11m
0.021529199317524818,Mor30m
0.01850741421465135,VE3sign_Dz(p)
0.006130484313652847,SpPosA_B(v)
0.00592750328138922,CATS2D_04_DL
0.0033960073596212646,SM04_AEA(dm)
0.00040118492046179556,HATSm
0.00038249171628257177,R2v
0.00036667438966938334,H0v
0.00029101247913191345,R5u
