Importance,Molecular Descriptor
0.3549304782022357,ALOGP
0.2933468667100913,TDB08s
0.13405601936258407,ALOGP2
0.09889411341347051,Mor14m
0.07950147315035488,Mor11m
0.017399999511274807,VE1sign_RG
0.013572748027357442,CATS3D_02_AL
0.005493927822265862,SpMAD_EA(dm)
0.0016790492360107597,GATS2m
0.0011253245643546158,E2s
