Importance,Molecular Descriptor
0.31065422457704234,TDB08s
0.25214871619353824,ALOGP2
0.24122481444630664,ALOGP
0.09772183678722007,Mor14m
0.06358539618245015,Mor11m
0.01990060550545409,Mor30m
0.009184688301321173,CATS3D_02_AL
0.004358615594103581,Mor17v
0.0012211024125637004,SpPosA_B(p)
