Importance,Molecular Descriptor
0.29954432700782935,TDB08s
0.28751952658860164,ALOGP
0.26499553934088793,ALOGP2
0.061638081267941666,TDB10s
0.058311065141033985,Mor32m
0.01311455792492455,RDF050m
0.008295563964767055,SPP
0.002401782361959862,SpPosA_G/D
0.0023307937207196695,SpMax1_Bh(v)
0.0007388240619802927,P_VSA_e_3
0.0006888552848415283,P_VSA_i_4
0.0004210833345124539,RDF045s
