Importance,Molecular Descriptor
0.28932843394223534,R8s+
0.2613262070224067,ALOGP
0.22713399301947498,ALOGP2
0.13009720385225684,Mor14m
0.03050416595403585,CATS3D_02_DL
0.028682622772543256,TDB07s
0.013791644057742245,Mor30m
0.012696072569402212,VE3sign_Dz(p)
0.004456343862686544,Mor19s
0.001983312947216099,Mor26s
