Importance,Molecular Descriptor
0.38812744206755145,TDB08s
0.22344344913654535,ALOGP2
0.21042732588587254,ALOGP
0.11003344169146924,nCsp2
0.028597337454147,ESOL
0.027023149615295932,TDB07s
0.009707075193595892,SPP
0.0015517721088677155,N-072
0.0010890068466549922,Mor19s
