Importance,Molecular Descriptor
0.29745116974962915,TDB08s
0.281522578858482,ALOGP2
0.2403219923805482,ALOGP
0.08574624126688297,P_VSA_LogP_4
0.057135211949697125,E1v
0.01814949949279791,P_VSA_v_2
0.008947996207225958,CATS3D_02_AL
0.0046890103243426694,Mor32s
0.0027025366197170656,E1e
0.001858907210853682,WHALES70_Rem
0.0014748559398232157,CIC3
