Importance,Molecular Descriptor
0.2820805895099566,TDB08s
0.26840394331315365,ALOGP
0.25917137523849976,ALOGP2
0.08985767266275542,VE3sign_B(s)
0.05043764049171821,RDF100m
0.024666751833408697,Mor25s
0.01318367143562177,Mor23s
0.005134541524321359,Mor04m
0.0029885643797256047,Mor09m
0.0016179280414959874,SpMax_B(p)
0.0016179280414959864,SpMax_B(v)
0.0008393935278469079,R4m+
