Importance,Molecular Descriptor
0.45727226158007733,CATS3D_08_AL
0.3408532234536947,WHALES30_Rem
0.09841950204582782,MATS6m
0.052305074294965365,ESOL
0.026998206786676686,CATS2D_03_DL
0.012364859371878898,P_VSA_LogP_3
0.00857080945521006,SPP
0.0012004862458430171,Eta_D_AlphaB
0.0010303766143046967,LOGP99
0.0006081559324515516,Eta_alpha_A
0.00037704421906985686,R1v+
