Importance,Molecular Descriptor
0.34665951573946896,P_VSA_LogP_4
0.24762276998954352,ALOGP2
0.2331981426115121,ALOGP
0.07756033941595324,Mor14m
0.05694145950769776,ATSC5e
0.020656914943257713,ESOL
0.011442371553471239,SPP
0.0033882194225246234,QEDu
0.0009403668255033975,Eta_alpha_A
0.0006501056066376549,Eta_D_AlphaB
0.00035976188766062654,P_VSA_i_4
0.0003405045603405932,P_VSA_e_3
0.00023952793642854296,VE3sign_G/D
