Importance,Molecular Descriptor
0.2846087142265359,ALOGP
0.19172386188482088,ALOGP2
0.18309702603372435,MDEO-11
0.13924735057395388,J_G/D
0.09172027382927642,SpMax2_Bh(s)
0.07557544870693497,VE3sign_B(s)
0.016603157594004866,CATS3D_02_DL
0.008902435529777505,Mor25v
0.005108780630258101,Mor04m
0.0017760997276840033,LOGP99
0.00083953360418983,MATS3e
0.0007973176588392172,Mor14m
