Importance,Molecular Descriptor
0.33780376314290356,ALOGP
0.30342057093074015,P_VSA_m_3
0.15366621102203928,WHALES40_Rem
0.09877622153290154,ALOGP2
0.03159785177271608,Gu
0.02404097644428024,Uc
0.02344737208763137,nBM
0.011911742101965855,QEDu
0.0068200599572503075,CATS3D_02_AL
0.004774815241505618,Mor17s
0.002157830247656814,P_VSA_ppp_L
0.000989799885997126,SpMax_B(v)
0.0005927856324119961,AAC
