Importance,Molecular Descriptor
0.4043903040143872,P_VSA_LogP_4
0.2653587303187367,ALOGP
0.2632405472794781,ALOGP2
0.01917503982696574,ATSC5e
0.011772178692979838,Mor30m
0.010698741898064478,P_VSA_m_3
0.006815070306972278,QEDu
0.00625385395973817,P_VSA_MR_2
0.005220159090359961,QED
0.004229575312573197,HOMA
0.0017447008347547456,WHALES70_IR
0.0011010984649896059,SpPosA_B(i)
