Importance,Molecular Descriptor
0.45014195775443594,Mor21v
0.3330607722494949,R4m
0.08727629373484541,ESOL
0.060055692139011005,MATS4e
0.028406358014340403,Gu
0.022710550912608547,SpMAD_B(s)
0.012824185554511739,SPP
0.002417032923436015,TDB05p
0.0020301141355541503,Mor26s
0.0006373399386558846,VE1sign_RG
0.00019017139314332038,P_VSA_e_3
0.0001758810572423772,P_VSA_i_4
7.365019272024569e-05,N%
