Importance,Molecular Descriptor
0.3077696661173079,P_VSA_LogP_4
0.23160024583896793,ALOGP2
0.2094692095971567,ALOGP
0.1224026530368047,WHALES70_Rem
0.06435618280585949,VE3sign_B(s)
0.016425171323096076,Mor30m
0.015412626900997973,P_VSA_MR_2
0.013067227155193937,ATSC5e
0.009812386691629125,P_VSA_m_3
0.006291941806466748,F04_C-O_
0.0020219335434310745,SpMAD_AEA(dm)
0.0008970474062055437,Mor19s
0.00047370777688278415,SpPosA_B(p)
