Importance,Molecular Descriptor
0.27075016042575434,P_VSA_LogP_4
0.23017721120162085,ALOGP2
0.22337394387546447,ALOGP
0.1517398625009632,WHALES70_Rem
0.051790269931593774,VE3sign_B(s)
0.03221014592321564,CATS2D_03_DL
0.016335529602528685,Mor22u
0.015626990540545286,GATS5v
0.0037587366115721097,QEDu
0.002585140479047735,SpMAD_B(v)
0.001652008907694043,SpPosA_B(v)
