Importance,Molecular Descriptor
0.2916428726469225,P_VSA_m_3
0.22483084612930276,ALOGP2
0.2160139502026634,ALOGP
0.14887078652954275,SPAM
0.07622314501383327,VE3sign_B(s)
0.0159525878266217,Mor30m
0.013678922643606015,VE3sign_Dz(p)
0.004608136168633258,CATS2D_04_DL
0.004102801133527223,ATSC1e
0.0027692612093108766,SM04_AEA(dm)
0.0011027413822484553,HATS1m
0.00020394911378774893,VE1sign_D
