Importance,Molecular Descriptor
0.32167000367394477,Mor22s
0.27501379502979495,ALOGP
0.23924241129413365,ALOGP2
0.09982327719082594,VE3sign_B(s)
0.026690091060870204,ICR
0.0164286228646588,Eta_D_epsiD
0.01059145391242214,P_VSA_i_3
0.0056211267138956455,TDB07s
0.0016782420608683769,LOGP99
0.001354958174705629,MLOGP2
0.0013281273197609641,MLOGP
0.000557890704118875,WHALES00_IR
