Importance,Molecular Descriptor
0.6377883322225413,SpMax1_Bh(p)
0.21136047190802426,VE1sign_B(v)
0.048516908934122666,ChiA_D/Dt
0.033139249982696344,E1e
0.03312653162067871,VE1sign_Coulomb
0.02134515429992058,CATS2D_02_NL
0.0068705916509354155,Eta_sh_y
0.0033907161964083937,J_Dt
0.002583491061532632,VE1sign_B(m)
0.0008297053782605476,PDI
0.0005660442750141706,ARR
0.0004828024698650278,MCD
