Importance,Molecular Descriptor
0.5806187346145808,Mor06m
0.30942059006689177,VE2sign_Coulomb
0.04167045076448986,IC2
0.017948674116245997,R2s+
0.01252197395054831,RBF
0.01007203800624855,VE2sign_X
0.006643904588459106,VE1sign_X
0.0060110561713972695,E1u
0.004034882695274235,VE1sign_A
0.003609302373678112,L2u
0.0035191458094121155,VE2sign_A
0.002292433812059591,VE1sign_B(m)
0.0016368130307142946,H6v
