Importance,Molecular Descriptor
0.5694041000011115,SpMax1_Bh(p)
0.31040081799889957,Mor22s
0.039576946543014115,ChiA_D/Dt
0.03674714758814389,WHALES00_Isol
0.016199955423999678,R3u+
0.013317953016826988,CATS2D_02_NL
0.007031655119695751,RDF040m
0.003913938063575849,VE1sign_B(m)
0.002089225144267239,P_VSA_m_2
0.0013182611004653039,R4s+
