Importance,Molecular Descriptor
0.5415036232446948,SpMax1_Bh(p)
0.09128066493231972,VE1sign_Coulomb
0.08517385988403071,VE2sign_Coulomb
0.08067410879581771,VE3sign_Coulomb
0.07253334480383733,E2u
0.0466482565734058,ChiA_D/Dt
0.03339135358448357,WHALES00_Isol
0.02022028421696149,VE3sign_G
0.015193006330137008,CATS2D_02_NL
0.006118945570616306,GATS5e
0.004353355396212973,ATSC5s
0.0023147630961617145,VE1sign_B(m)
0.0005944335713208752,RDF060m
