Importance,Molecular Descriptor
0.6230343572251508,Mor06m
0.27665233464954814,VE2sign_Coulomb
0.04745329592958132,SM14_AEA(bo)
0.02319691523250586,GATS3v
0.010319934627594956,Mor23s
0.008966339110046358,MATS5e
0.005049585659880018,SpPosA_X
0.0028530029434099104,P_VSA_ppp_cyc
0.0016100554650737087,Eig02_EA(dm)
0.0008641791572089222,Mor19m
