Importance,Molecular Descriptor
0.5449565233470602,SpMax1_Bh(p)
0.09400349063600381,VE1sign_Coulomb
0.08888545112448734,E2u
0.08094862760197569,VE3sign_Coulomb
0.07706548310446397,VE2sign_Coulomb
0.03589278592826478,ChiA_D/Dt
0.032316576566211216,Mor31s
0.023157361281867343,Mor08m
0.01349796747420818,CATS2D_02_NL
0.004419091315201187,RDF040m
0.003070054353362325,VE1sign_B(m)
0.0017865872668939092,HOMA
