Importance,Molecular Descriptor
0.6016557957954247,SpMax1_Bh(p)
0.27485710926230833,VE1sign_B(v)
0.04400990696719041,ChiA_D/Dt
0.028537801386434858,ISH
0.022000130461599373,SHP2
0.017034816600395408,CATS2D_02_NL
0.00605813937605153,Eig02_AEA(dm)
0.003210860340685812,VE1sign_B(m)
0.0017178826637664635,RDF070u
0.0003027938582272399,DELS
0.00024888737589133037,B04_O-O_
0.0002121850900456045,F04_O-O_
7.913930385484743e-05,HyWi_B(s)
7.455151812413172e-05,ATSC6e
