Importance,Molecular Descriptor
0.6117065611742938,Mor06m
0.29463876299622493,VE2sign_Coulomb
0.02674485761198431,S3K
0.02192003803780175,VE1sign_Coulomb
0.015015675240746821,WHALES10_Isol
0.010193569826815994,CATS3D_04_NL
0.005771498314978851,E1p
0.00461765209121861,VE2_RG
0.0033665686967464968,Mor28m
0.0021145797574274434,SpMAD_B(v)
0.0011825101557248177,CATS3D_03_AL
0.0011255902584755891,MCD
0.001010845620475646,ARR
0.0004710815487038871,H4s
0.00012020866838088814,C%
