Importance,Molecular Descriptor
0.6718870131940012,CATS2D_03_PL
0.2035811843363239,Mor24s
0.03951264927129802,Dm
0.0221460452712256,F01_C-N_
0.01619576796520407,Mor17m
0.015802291576382698,TDB01p
0.01259792199456121,RTs+
0.005985356795103467,Mor10s
0.005771136427746616,IDDE
0.0021226397701081213,VE1sign_X
0.0017740233770834985,GATS6p
0.0017563714031821672,MATS6p
0.0008675986177794021,HATS3s
