Importance,Molecular Descriptor
0.6301999462038421,SpMax1_Bh(p)
0.2673309284217842,R5s+
0.03229875718414406,TDB05i
0.02586230657942539,C%
0.012125395158312737,Mor30v
0.010534425613104755,F04_C-O_
0.009014717022616286,Mor23s
0.007691971785353403,VE2sign_X
0.0022993446781813466,Mor31u
0.0019059864074482099,R8u
0.0007362209457875728,R2v+
