Importance,Molecular Descriptor
0.5636144953080936,SpMax1_Bh(p)
0.2582030731951669,SpMax1_Bh(v)
0.08389783903002951,SpMax2_Bh(v)
0.042680301490705355,Chi0_EA(dm)
0.01883212019918054,P_VSA_LogP_4
0.012146890812691599,SpMAD_EA(ri)
0.007250918451614252,CATS2D_02_NL
0.00562301106683939,VE1sign_B(m)
0.004401412619450207,Mor24s
0.002951686495727986,JGI3
0.000398251330500588,Mor23s
