Importance,Molecular Descriptor
0.575306919246925,SpMax1_Bh(p)
0.2905170946735657,R5s+
0.05147520117357407,ChiA_D/Dt
0.0310533226987227,ISH
0.023516162520991223,E1e
0.016698859917457676,CATS2D_02_NL
0.006041488394069794,RDF040m
0.003398030447469975,VE1sign_B(m)
0.0014506073248900958,P_VSA_m_2
0.0005423136023337533,Mor23s
