Importance,Molecular Descriptor
0.5762940576248646,SpMax1_Bh(p)
0.2902583565031124,VE1sign_Coulomb
0.04168161775500243,ChiA_D/Dt
0.03504589895118617,ISH
0.030583331660646678,Eta_sh_p
0.016240964301705282,CATS2D_02_NL
0.005781328773575695,IC1
0.002808007880636276,VE1sign_B(m)
0.0013064365492704388,Mor24u
