Importance,Molecular Descriptor
0.5804837942710258,SpMax1_Bh(p)
0.21595048063896266,SpMax1_Bh(v)
0.04877066015385538,PW5
0.047566446322895944,WHALES20_Rem
0.03278596267734964,ChiA_D/Dt
0.02865192652172105,ISH
0.0215061466211516,SHP2
0.015566078481766709,CATS2D_01_NL
0.0040641810385603685,RDF040m
0.0024752255458098055,VE1sign_B(m)
0.0016007955910166836,P_VSA_ppp_L
0.0005783021358843092,RTs+
