Importance,Molecular Descriptor
0.5578022535815387,SpMax1_Bh(p)
0.08646654565871827,E2u
0.08488454491675691,VE2sign_Coulomb
0.07749042079508826,VE1sign_Coulomb
0.07423700618155397,VE3sign_Coulomb
0.041684979045716476,TI2_L
0.03720441190283708,Eta_sh_p
0.016098148538720283,P_VSA_s_4
0.009074948614086805,CATS2D_02_NL
0.004346879642505315,E1u
0.004296435383294224,MATS2p
0.003678386673864423,MATS2v
0.0015891963314293089,R3s+
0.0011458427338899254,Mor24s
