Importance,Molecular Descriptor
0.5989444173321654,SpMax1_Bh(p)
0.242113378630792,R5s+
0.05042324310488039,S3K
0.025419797731763352,GATS1i
0.021692646306904165,CATS3D_04_NL
0.01398714307650379,HATS1s
0.013885047141638789,HATS0m
0.01296618372785387,RTs+
0.0065882081541239436,RDF025s
0.006495049802292987,R3u
0.004078761616312896,ATS3s
0.0017137302548595388,MATS7m
0.0010217823461448668,T(O..O)
0.000670610773763818,G(O..O)
