Importance,Molecular Descriptor
0.5812262129549095,SpMax1_Bh(p)
0.2709772785768159,R5s+
0.05935779579737544,ChiA_D/Dt
0.03764415519754065,Eta_sh_p
0.023557026653069774,AVS_B(v)
0.01620958184751408,CATS2D_02_NL
0.005059853868118726,GATS4v
0.003202932944552522,ATSC4s
0.0021222522397573566,E2e
0.0006429099203459334,AVS_Coulomb
