Importance,Molecular Descriptor
0.5849399211879034,Mor06m
0.31234236917358826,VE2sign_Coulomb
0.03752703904046897,RDF020u
0.03501467506604076,Mor24u
0.01059607496580751,Mor30v
0.0068970285818598966,Eta_B_A
0.005235683464386531,WHALES60_Isol
0.004900669031574267,CATS3D_04_AL
0.001484221182458285,MATS8m
0.0010623183059119534,HATS2m
