Importance,Molecular Descriptor
0.5589636878559728,VE3sign_Dz(i)
0.20391138518905233,VE2sign_Coulomb
0.09409617553733343,ARR
0.06881347808105487,GATS4e
0.0423776785620867,Mor08m
0.01420089722506492,RDF055u
0.0060018277847066846,CATS3D_02_DL
0.005983099688594008,Mor22s
0.0030027279087754834,Mor14v
0.0009602033206989598,VE1sign_B(s)
0.0008997546854975723,VE2sign_B(s)
0.0007890841611621198,WHALES10_Rem
