Importance,Molecular Descriptor
0.5250641015514476,VE3sign_D
0.26658712633364456,GATS3m
0.06710353353593662,R7m+
0.05373035192327216,AVS_B(v)
0.029683814524275865,Mor18m
0.023326081611220104,CATS2D_03_AL
0.022079529800497114,E1e
0.005281994550355056,VE1sign_B(m)
0.003652240886807065,RDF075m
0.0018023450521133116,SM07_AEA(dm)
0.0016888802304306347,Eig13_AEA(bo)
