Importance,Molecular Descriptor
0.5825038527530211,SpMax1_Bh(p)
0.2868771142517184,R5s+
0.043411837314145815,Eta_betaP_A
0.02108421881647092,Mor13u
0.01837329099838229,RDF055u
0.01747703290090023,RDF055s
0.014728095752288294,Mor31m
0.005819841388119576,HATS1u
0.005422260412238711,R7u+
0.0017600879002456688,Eig02_EA(dm)
0.0016961567637164515,WHALES90_Isol
0.0008462107487525666,DISPm
