Importance,Molecular Descriptor
0.6253318361841096,SpMax1_Bh(p)
0.20629672377560745,Mor22v
0.05995361639278956,J_G/D
0.04413159673016064,J_Dz(p)
0.023265805336979684,SpMAD_B(m)
0.018209754913785504,Mor23s
0.012615276118637712,RDF020m
0.007895518674177869,R1u+
0.0022998718737519555,Mor13s
