Importance,Molecular Descriptor
0.524579274847499,Mor06m
0.3488359756550431,VE2sign_Coulomb
0.04795963512068132,Eta_betaP_A
0.02909437160966296,RDF055u
0.020230944207871082,SpMin1_Bh(m)
0.00925382000998523,Dv
0.008608844200320542,HATS4v
0.007405228143412009,E1p
0.002246236181932698,MATS8m
0.001785670023592216,Mor13v
