Importance,Molecular Descriptor
0.5721047204208987,SpMax1_Bh(p)
0.27442785595934616,R5s+
0.050581526823116243,ChiA_D/Dt
0.04221553674284925,ISH
0.024245678322744973,E1e
0.020859822041856314,CATS2D_02_NL
0.006739242486381647,Eta_sh_y
0.005551055795157087,Mor05s
0.002579043467704975,VE1sign_B(m)
0.0006955179399447604,P_VSA_LogP_6
