Importance,Molecular Descriptor
0.5495273583825186,Mor06m
0.33580561235478157,VE2sign_Coulomb
0.04668266509847935,Chi0_EA(dm)
0.027630081186484714,MATS3p
0.018942325737465106,VE3sign_D
0.011365175404844103,R2s+
0.006790928445283087,E1u
0.002363801958354273,SpPosA_X
0.0008920514317891733,VE1sign_B(s)
