Importance,Molecular Descriptor
0.4805276337768926,Mor06m
0.39289691529336446,VE2sign_Coulomb
0.041537830763957395,S3K
0.032575280092239825,WHALES80_Rem
0.01850937009912987,CATS3D_04_NL
0.014761768508554316,SpMAD_EA(bo)
0.008734546525942351,E1p
0.006489988950077114,Mi
0.0033600150753068858,VE3sign_D/Dt
0.0006066509145352608,MATS4i
