Importance,Molecular Descriptor
0.39208172605037905,P_VSA_MR_2
0.3306322453173213,ALOGP
0.12151441494568346,ALOGP2
0.09144975113852098,VE3sign_B(s)
0.024278033563149604,Mor26s
0.0195312895668228,Mor25s
0.00932888474673363,Mor23s
0.006098377857904705,LOGP99
0.0014159094475099134,R7u
0.0013095182867912945,GATS6e
0.0004672501176782699,Mor05s
0.0004200531360946068,R7v
0.0004011743434611406,H7v
0.00037757585266930864,H7s
0.0003492576637191106,H7u
0.0003445379655607444,H7m
