Importance,Molecular Descriptor
0.33491074726776254,P_VSA_LogP_4
0.2584698355045502,ALOGP
0.2326842462143102,ALOGP2
0.07802899270039607,VE3sign_B(s)
0.042668108428187655,Mor26s
0.02500860009403912,Mor30m
0.007761818774205242,Mor20u
0.007200723441130164,Mor25u
0.007080166882957444,Mor04m
0.002913018759143857,L2u
0.002084689263545106,TDB07u
0.0007838697595708539,LOGP99
0.000405182910201572,MATS3e
