Importance,Molecular Descriptor
0.4370862711881021,Mor21v
0.23393692599029486,MATS2e
0.14396561056077176,E1m
0.09898262447089766,ESOL
0.04457777367242949,SM06_AEA(dm)
0.021445920868004155,CATS3D_03_DL
0.00998758872348255,SPP
0.00872786333735405,R1s+
0.0007719151617915887,R7m+
0.0005175060268718523,SpPosA_B(i)
