Importance,Molecular Descriptor
0.4988235955380903,ALOGP
0.29088095736784525,P_VSA_LogP_4
0.08766234903973014,Mor14m
0.048140310365972744,ALOGP2
0.04494382304836022,Mor11s
0.012939385413094577,SPP
0.010072054179597266,Mor23v
0.004487294100652286,RDF065m
0.0012492055312450713,LOGP99
0.0005549701123176922,RDF045s
0.00024605530309437226,ASP
