Importance,Molecular Descriptor
0.5351983624810184,LOGP99
0.25977725642644467,qnmax
0.0926065215737575,ESOL
0.0685370862863115,GATS3i
0.019578101426182302,SpAD_EA(dm)
0.016109268974135806,CATS3D_08_DL
0.007078119769052335,SPP
0.000649315808986355,F04_C-O_
0.0004659672541112294,JGI2
