Importance,Molecular Descriptor
0.3011088465314603,P_VSA_m_3
0.22331834509442472,ALOGP
0.21136456506503945,ALOGP2
0.12974670144043995,J_G/D
0.08346419593590877,VE3sign_B(s)
0.02105311117141533,Mor30m
0.014982676428139835,SpMAD_EA(dm)
0.006770125086670238,DBI
0.0043324451599384625,SpMax_AEA(dm)
0.0028785338687072263,H7u
0.0009804542178558425,SpPosA_B(i)
