Importance,Molecular Descriptor
0.4156690855486297,ALOGP
0.2907529233946735,P_VSA_LogP_4
0.1413414143490295,ALOGP2
0.08110806521945436,VE3sign_B(s)
0.036354536071765454,P_VSA_ppp_ar
0.01424337769400103,Mor23s
0.00744906125044232,Mor04m
0.006343724616440788,GATS5v
0.00327239484834341,SIC1
0.002633104509665854,Mor16s
0.0008323124975541122,H0s
