Importance,Molecular Descriptor
0.2533561937591475,ALOGP2
0.24464123869126544,ALOGP
0.24201348332780917,P_VSA_LogP_4
0.14284972865785028,WHALES70_Rem
0.04407443567257492,nBnz
0.03547849822226416,Mor04v
0.01516748024488506,Mor30s
0.013685210379534817,Mor27s
0.004504525520067115,Mor14s
0.002819554697114336,ESOL
0.0008470559245482742,TDB05u
0.0005625949029388628,R4s+
