Importance,Molecular Descriptor
0.32905140348160905,ALOGP
0.298886492477318,P_VSA_m_3
0.14035386257980004,WHALES40_Rem
0.1246654626926551,ALOGP2
0.0568924087221424,VE3sign_B(s)
0.018395958787843728,SHED_DL
0.011977060672065293,Mor27s
0.011845470672577409,Gu
0.005858072145002735,Mor30s
0.0010261111282840998,MATS4s
0.0006076640516071664,Eta_D_AlphaB
0.0004400325890948469,Eta_alpha_A
