Importance,Molecular Descriptor
0.38840324691600614,ALOGP
0.1738394659682677,SpMax2_Bh(s)
0.16453419041765469,MDEO-11
0.1125509296442586,WHALES40_Rem
0.06911008241023872,VE3sign_B(s)
0.04556686137003426,ALOGP2
0.016891471708459952,Mor25s
0.010060255658324878,nDB
0.0069430522050694665,R8s+
0.006557713283371138,Mor14s
0.002015724833729845,Gu
0.0019779066251817724,ESOL
0.0008812672123312898,AAC
0.0006678317470714929,Mor21m
