Importance,Molecular Descriptor
0.6026808591926758,SpMax1_Bh(p)
0.27593638127223163,R5s+
0.034642827165694834,CIC3
0.027440975288774493,R2s+
0.01993644376827583,RBN
0.01877509752934714,RBF
0.01225749293209086,WHALES70_IR
0.0051046900706599166,Eig12_AEA(bo)
0.0025192337189668236,RDF040s
0.0007059990612826117,Mor21s
