Importance,Molecular Descriptor
0.6943020039536651,SpMax1_Bh(p)
0.18447468997715197,SpMin1_Bh(v)
0.05618191725334862,RDF030u
0.030839183170183214,RDF020s
0.012890477454433903,MATS2m
0.009149040515190178,QED
0.008683188408470556,VE1sign_B(m)
0.0021542572352572656,ISH
0.0013252420322992413,Mor23s
