Importance,Molecular Descriptor
0.5300045732309805,VE3sign_D
0.1830944573125174,VE2sign_A
0.09758352331026553,R7m+
0.0759379515630983,Eta_sh_p
0.05532258844737244,minaaCH
0.04541912433713113,GATS1i
0.0075008321544223905,VE1sign_B(m)
0.005136949644212369,SM07_AEA(dm)
