Importance,Molecular Descriptor
0.460879177433662,Mor06m
0.41031501834427475,VE2sign_Coulomb
0.05148235233218689,IC2
0.03264250671368932,VE3sign_B(s)
0.01987725111038138,RDF020s
0.01285695664461876,VE3sign_D
0.005758158170484584,SM06_AEA(dm)
0.0031508417130518824,VE1sign_B(v)
0.003037737537650482,P_VSA_charge_6
