Importance,Molecular Descriptor
0.575306919246925,SpMax1_Bh(p)
0.2905170946735657,R5s+
0.05147520117357405,ChiA_D/Dt
0.031053322698722713,ISH
0.02351616252099122,E1e
0.016698859917457655,CATS2D_02_NL
0.0060414883940697935,RDF040m
0.003398030447469975,VE1sign_B(m)
0.001450607324890095,P_VSA_m_2
0.0005423136023337532,Mor23s
