Importance,Molecular Descriptor
0.6718870131940012,CATS2D_03_PL
0.2035811843363239,Mor24s
0.03951264927129803,Dm
0.022146045271225608,F01_C-N_
0.01619576796520407,Mor17m
0.01580229157638272,TDB01p
0.012597921994561207,RTs+
0.005985356795103467,Mor10s
0.005771136427746619,IDDE
0.0021226397701081252,VE1sign_X
0.0017872623575094892,GATS6p
0.0017431324227561665,MATS6p
0.0008675986177794022,HATS3s
