Importance,Molecular Descriptor
0.5989444173321656,SpMax1_Bh(p)
0.24211337863079188,R5s+
0.05042324310488039,S3K
0.025419797731763335,GATS1i
0.021692646306904182,CATS3D_04_NL
0.013731903239341307,RTs+
0.01368085527190881,HATS0m
0.013425615434746333,HATS1s
0.006588208154123942,RDF025s
0.00649504980229299,R3u
0.004078761616312895,ATS3s
0.0017137302548595394,MATS7m
0.0010535147171431547,T(O..O)
0.0006388784027655287,G(O..O)
