Importance,Molecular Descriptor
0.5804837942710258,SpMax1_Bh(p)
0.21595048063896258,SpMax1_Bh(v)
0.05129950919887017,PW5
0.04503759727788116,WHALES20_Rem
0.03278596267734965,ChiA_D/Dt
0.028651926521721067,ISH
0.021506146621151568,SHP2
0.015566078481766714,CATS2D_01_NL
0.004064181038560368,RDF040m
0.002475225545809807,VE1sign_B(m)
0.0016007955910166834,P_VSA_ppp_L
0.000578302135884308,RTs+
