Importance,Molecular Descriptor
0.6016557957954246,SpMax1_Bh(p)
0.27485710926230833,VE1sign_B(v)
0.044009906967190406,ChiA_D/Dt
0.028537801386434858,ISH
0.02200013046159936,SHP2
0.01703481660039543,CATS2D_02_NL
0.006058139376051527,Eig02_AEA(dm)
0.003210860340685814,VE1sign_B(m)
0.0017178826637664635,RDF070u
0.00032573278688081866,DELS
0.00023741791156454116,B04_O-O_
0.00020186257215149407,F04_O-O_
7.684541098948943e-05,ATSC6e
7.569846455681047e-05,HyWi_B(s)
