Importance,Molecular Descriptor
0.6301999462038422,SpMax1_Bh(p)
0.2673309284217842,R5s+
0.03229875718414405,TDB05i
0.025862306579425405,C%
0.012125395158312737,Mor30v
0.010534425613104755,F04_C-O_
0.009014717022616282,Mor23s
0.007691971785353383,VE2sign_X
0.00229934467818135,Mor31u
0.0019059864074482096,R8u
0.0007362209457875715,R2v+
