Importance,Molecular Descriptor
0.5636144953080936,SpMax1_Bh(p)
0.25820307319516705,SpMax1_Bh(v)
0.08389783903002951,SpMax2_Bh(v)
0.042680301490705355,Chi0_EA(dm)
0.018832120199180548,P_VSA_LogP_4
0.012146890812691541,SpMAD_EA(ri)
0.00725091845161426,CATS2D_02_NL
0.005623011066839391,VE1sign_B(m)
0.004401412619450207,Mor24s
0.002951686495727983,JGI3
0.00039825133050058796,Mor23s
