Importance,Molecular Descriptor
0.5578022535815387,SpMax1_Bh(p)
0.0864665456587184,E2u
0.08192689526808936,VE3sign_Coulomb
0.0804480704437557,VE1sign_Coulomb
0.0742370061815539,VE2sign_Coulomb
0.04168497904571648,TI2_L
0.03720441190283709,Eta_sh_p
0.01609814853872029,P_VSA_s_4
0.009074948614086812,CATS2D_02_NL
0.004346879642505317,E1u
0.004087096304293809,MATS2p
0.003887725752864838,MATS2v
0.0015891963314293104,R3s+
0.001145842733889925,Mor24s
