Importance,Molecular Descriptor
0.6117065611742938,Mor06m
0.29463876299622493,VE2sign_Coulomb
0.02674485761198431,S3K
0.021920038037801758,VE1sign_Coulomb
0.015015675240746812,WHALES10_Isol
0.010193569826816015,CATS3D_04_NL
0.005771498314978849,E1p
0.004617652091218601,VE2_RG
0.0033665686967464955,Mor28m
0.00230035679037973,SpMAD_B(v)
0.0011825101557248175,CATS3D_03_AL
0.0010108456204756494,MCD
0.0009780614381899497,ARR
0.0004710815487038871,H4s
8.19604557142419e-05,C%
