Importance,Molecular Descriptor
0.5762940576248646,SpMax1_Bh(p)
0.2902583565031123,VE1sign_Coulomb
0.04168161775500243,ChiA_D/Dt
0.035045898951186184,ISH
0.030583331660646664,Eta_sh_p
0.016240964301705303,CATS2D_02_NL
0.005781328773575698,IC1
0.002808007880636277,VE1sign_B(m)
0.0013064365492704377,Mor24u
