Importance,Molecular Descriptor
0.07656837,B05_N-S_
0.070822544,S-110
0.07066116,Mor06m
0.06479057,SpMax_L
0.062768936,CATS2D_06_AP
0.059243094,SpMax1_Bh(p)
0.058728732,SpMax_B(m)
0.05862853,SpDiam_EA(bo)
0.057466876,SpMax_B(p)
0.056824163,SpMax_AEA(dm)
0.05419755,SpDiam_AEA(dm)
0.053605814,SpDiam_B(m)
0.05143828,B01_N-S_
0.049270365,F05_N-S_
0.046985224,CATS3D_06_AP
0.046599165,VE3sign_Dz(i)
0.038164563,ChiA_B(m)
0.02323609,TDB01p
